#! https://zhuanlan.zhihu.com/p/449030400


# 【SQL】leetcode .262. 行程和用户


## 一、 题目
表：Trips

```

+-------------+----------+
| Column Name | Type     |
+-------------+----------+
| id          | int      |
| client_id   | int      |
| driver_id   | int      |
| city_id     | int      |
| status      | enum     |
| request_at  | date     |     
+-------------+----------+
id 是这张表的主键。
这张表中存所有出租车的行程信息。每段行程有唯一 id ，其中 client_id 和 driver_id 是 Users 表中 users_id 的外键。
status 是一个表示行程状态的枚举类型，枚举成员为(‘completed’, ‘cancelled_by_driver’, ‘cancelled_by_client’) 。

```
表：Users

```

+-------------+----------+
| Column Name | Type     |
+-------------+----------+
| users_id    | int      |
| banned      | enum     |
| role        | enum     |
+-------------+----------+
users_id 是这张表的主键。
这张表中存所有用户，每个用户都有一个唯一的 users_id ，role 是一个表示用户身份的枚举类型，枚举成员为 (‘client’, ‘driver’, ‘partner’) 。
banned 是一个表示用户是否被禁止的枚举类型，枚举成员为 (‘Yes’, ‘No’) 。

```

取消率 的计算方式如下：(被司机或乘客取消的非禁止用户生成的订单数量) / (非禁止用户生成的订单总数)。

写一段 SQL 语句查出 "2013-10-01" 至 "2013-10-03" 期间非禁止用户（乘客和司机都必须未被禁止）的取消率。非禁止用户即 banned 为 No 的用户，禁止用户即 banned 为 Yes 的用户。

返回结果表中的数据可以按任意顺序组织。其中取消率 Cancellation Rate 需要四舍五入保留 两位小数 。

查询结果格式如下例所示。

示例：

```

输入： 
Trips 表：
+----+-----------+-----------+---------+---------------------+------------+
| id | client_id | driver_id | city_id | status              | request_at |
+----+-----------+-----------+---------+---------------------+------------+
| 1  | 1         | 10        | 1       | completed           | 2013-10-01 |
| 2  | 2         | 11        | 1       | cancelled_by_driver | 2013-10-01 |
| 3  | 3         | 12        | 6       | completed           | 2013-10-01 |
| 4  | 4         | 13        | 6       | cancelled_by_client | 2013-10-01 |
| 5  | 1         | 10        | 1       | completed           | 2013-10-02 |
| 6  | 2         | 11        | 6       | completed           | 2013-10-02 |
| 7  | 3         | 12        | 6       | completed           | 2013-10-02 |
| 8  | 2         | 12        | 12      | completed           | 2013-10-03 |
| 9  | 3         | 10        | 12      | completed           | 2013-10-03 |
| 10 | 4         | 13        | 12      | cancelled_by_driver | 2013-10-03 |
+----+-----------+-----------+---------+---------------------+------------+

Users 表：
+----------+--------+--------+
| users_id | banned | role   |
+----------+--------+--------+
| 1        | No     | client |
| 2        | Yes    | client |
| 3        | No     | client |
| 4        | No     | client |
| 10       | No     | driver |
| 11       | No     | driver |
| 12       | No     | driver |
| 13       | No     | driver |
+----------+--------+--------+
输出：
+------------+-------------------+
| Day        | Cancellation Rate |
+------------+-------------------+
| 2013-10-01 | 0.33              |
| 2013-10-02 | 0.00              |
| 2013-10-03 | 0.50              |
+------------+-------------------+
解释：
2013-10-01：
  - 共有 4 条请求，其中 2 条取消。
  - 然而，id=2 的请求是由禁止用户（user_id=2）发出的，所以计算时应当忽略它。
  - 因此，总共有 3 条非禁止请求参与计算，其中 1 条取消。
  - 取消率为 (1 / 3) = 0.33
2013-10-02：
  - 共有 3 条请求，其中 0 条取消。
  - 然而，id=6 的请求是由禁止用户发出的，所以计算时应当忽略它。
  - 因此，总共有 2 条非禁止请求参与计算，其中 0 条取消。
  - 取消率为 (0 / 2) = 0.00
2013-10-03：
  - 共有 3 条请求，其中 1 条取消。
  - 然而，id=8 的请求是由禁止用户发出的，所以计算时应当忽略它。
  - 因此，总共有 2 条非禁止请求参与计算，其中 1 条取消。
  - 取消率为 (1 / 2) = 0.50

```

## 二、 题解

<b>解题思路</b>
对trips表和users表连接，连接条件是行程对应的乘客非禁止且司机非禁止
筛选订单日期在目标日期之间
用日期进行分组
分别统计所有订单数和被取消的订单数，其中取消订单数用一个bool条件来得到0或1，再用avg求均值
对订单取消率保留两位小数，对输出列名改名


```

# Write your MySQL query statement below
SELECT
    request_at as 'Day', round(avg(Status!='completed'), 2) as 'Cancellation Rate'
FROM 
    trips t JOIN users u1 ON (t.client_id = u1.users_id AND u1.banned = 'No')
    JOIN users u2 ON (t.driver_id = u2.users_id AND u2.banned = 'No')
WHERE	
    request_at BETWEEN '2013-10-01' AND '2013-10-03'
GROUP BY 
    request_at



```



## MySQL ROUND函数：四舍五入

MySQL ROUND(x) 函数返回最接近于参数 x 的整数；ROUND(x,y) 函数对参数x进行四舍五入的操作，返回值保留小数点后面指定的y位。

### 【实例 1】

使用ROUND(x)函数，输入 SQL 语句执行结果如下。

```

mysql> SELECT ROUND(-6.6),ROUND(-8.44),ROUND(3.44);
+-------------+--------------+-------------+
| ROUND(-6.6) | ROUND(-8.44) | ROUND(3.44) |
+-------------+--------------+-------------+
|          -7 |           -8 |           3 |
+-------------+--------------+-------------+
1 row in set (0.00 sec)
```
从执行结果可以看出，ROUND(x)函数将值x四舍五入之后保留了整数部分。

### 【实例 2】

使用ROUND(x,y)函数，输入 SQL 语句执行结果如下。

```
mysql> SELECT ROUND(-6.66,1),ROUND(3.33,3),ROUND(88.66,-1),ROUND(88.46,-2);
+----------------+---------------+-----------------+-----------------+
| ROUND(-6.66,1) | ROUND(3.33,3) | ROUND(88.66,-1) | ROUND(88.46,-2) |
+----------------+---------------+-----------------+-----------------+
|           -6.7 |         3.330 |              90 |             100 |
+----------------+---------------+-----------------+-----------------+
1 row in set (0.00 sec)
```
从执行结果可以看出，根据参数y值，将参数x四舍五入后得到保留小数点后y位的值，x值的小数位不够y位的补零；如果y为负值，则保留小数点左边y位，先进行四舍五入操作，再将相应的位数值取零。


## MySQL AVG函数：求平均值

MySQL AVG() 函数通过计算返回的行数和每一行数据的和，求得指定列数据的平均值。

为了方便理解，首先创建一个学生成绩表 tb_students_score，学生成绩表的数据内容如下所示。

```

mysql> use test_db;
Database changed
mysql> SELECT * FROM tb_students_score;
+--------------+---------------+
| student_name | student_score |
+--------------+---------------+
| Dany         |            90 |
| Green        |            99 |
| Henry        |            95 |
| Jane         |            98 |
| Jim          |            88 |
| John         |            94 |
| Lily         |           100 |
| Susan        |            96 |
| Thomas       |            93 |
| Tom          |            89 |
+--------------+---------------+
10 rows in set (0.13 sec)
```
### 【实例1】

在 tb_students_score 表中，查询所有学生成绩的平均值，输入的 SQL 语句和执行结果如下所示。

```

mysql> SELECT AVG(student_score)
    -> AS score_avg
    -> FROM tb_students_score;
+-----------+
| score_avg |
+-----------+
|   94.2000 |
+-----------+
1 row in set (0.03 sec)
```

提示：使用 AVG() 函数时，参数为要计算的列名称，若要得到多个列的平均值，则需要在每一列都使用 AVG() 函数。
